gambier.students.cs.ubc.ca gambierubc
pender.students.cs.ubc.ca  penderubc
thetis.students.cs.ubc.ca  thetisubc
anvil.students.cs.ubc.ca   anvilubc
valdes.students.cs.ubc.ca  valdesubc
bowen.students.cs.ubc.ca   bowenubc
remote.students.cs.ubc.ca  ubc
